alternative,SSVC_Exploitation,SSVC_Automatable,SSVC_TechnicalImpact,CVSS_Exploitability,CVSS_Impact,EPSS
__orientation__,1,1,1,1,1,1
__weight__,0.166667,0.166667,0.166667,0.166667,0.166667,0.166667
CVE-2018-25032,0.5,1,0,3.9,3.6,0.52063
CVE-2020-7921,0,0,0,1.6,3.6,0.0066
CVE-2020-7923,0,0,0,2.8,3.6,0.01275
CVE-2020-7924,0,0,0,3.9,2.5,0.00691
CVE-2020-7929,0,0,0,2.8,3.6,0.01289
CVE-2021-20328,0,0,1,1.6,5.2,0.00432
CVE-2021-20330,0,0,0,2.8,3.6,0.01037
CVE-2021-32036,0,0,0,2.8,4.2,0.01034
CVE-2021-32040,0,0,0,3.9,3.6,0.0197
CVE-2022-37434,0.5,0,0,3.9,5.9,0.15502
CVE-2022-37660,0,1,0,3.9,2.5,0.00361
CVE-2022-48174,0,1,1,1.8,5.9,0.0313
CVE-2023-28531,0,0,0,3.9,5.9,0.02267
CVE-2023-45853,0,0,1,3.9,5.9,0.03179
CVE-2023-51384,0,0,0,1.8,3.6,0.00426
CVE-2024-26783,0,0,0,1.8,3.6,0.00242
CVE-2024-27056,0,0,0,1.8,3.6,0.0024
CVE-2024-28956,0,0,0,1.1,4,0.00371
CVE-2024-36903,0,0,0,2.2,3.4,0.0023
CVE-2024-36927,0,0,0,1,3.6,0.00166
CVE-2024-3980,0,0,1,3.1,6,0.00611
CVE-2024-3982,0,0,1,1.5,6,0.00217
CVE-2024-42079,0,0,0,1.8,3.6,0.00268
CVE-2024-46786,0,0,0,1.8,5.9,0.00224
CVE-2024-47736,0,0,0,1.8,3.6,0.00182
CVE-2024-47809,0,0,0,1.8,3.6,0.00219
CVE-2024-4872,0,0,1,3.1,6,0.00496
CVE-2024-49968,0,0,0,1.8,3.6,0.00245
CVE-2024-49994,0,0,0,1.8,3.6,0.00239
CVE-2024-49998,0,0,0,1,3.6,0.00174
CVE-2024-50014,0,0,0,1.8,3.6,0.00222
CVE-2024-50063,0,0,0,0.8,5.9,0.00232
CVE-2024-50298,0,0,0,1.8,3.6,0.00218
CVE-2024-53170,0,0,1,1.8,5.9,0.0024
CVE-2024-54458,0,0,1,1.8,5.9,0.00229
CVE-2024-56631,0,0,1,1.8,5.9,0.00285
CVE-2024-56703,0,0,0,1.8,3.6,0.00207
CVE-2024-56719,0,0,0,1.8,3.6,0.00209
CVE-2024-57979,0,0,1,1.8,5.9,0.00256
CVE-2024-58011,0,0,0,1.8,3.6,0.00211
CVE-2024-58058,0,0,0,1.8,3.6,0.00192
CVE-2024-7940,0,0,1,1.6,6,0.00546
CVE-2024-7941,0,0,0,2.8,1.4,0.00316
CVE-2025-10585,1,0,1,2.8,5.9,0.0543
CVE-2025-11698,0,1,0,3.9,4,0.00303
CVE-2025-12011,0,1,0,3.9,4,0.00303
CVE-2025-12012,0,1,0,3.9,4,0.00303
CVE-2025-13223,1,0,1,2.8,5.9,0.04915
CVE-2025-14847,1,1,0,3.9,3.6,0.83007
CVE-2025-15467,0.5,1,1,3.9,5.9,0.47621
CVE-2025-21676,0,0,0,1.8,3.6,0.00423
CVE-2025-21682,0,0,0,1.8,3.6,0.00217
CVE-2025-21731,0,0,1,1.8,5.9,0.00219
CVE-2025-21760,0,0,1,1.8,5.9,0.33417
CVE-2025-21764,0,0,1,1.8,5.9,0.00258
CVE-2025-21780,0,0,1,1.8,5.9,0.00258
CVE-2025-21796,0,0,1,1.8,5.9,0.00625
CVE-2025-21846,0,0,0,1.8,3.6,0.00222
CVE-2025-21861,0,0,0,1.8,3.6,0.00212
CVE-2025-21864,0,0,0,1.8,3.6,0.00219
CVE-2025-21867,0,0,1,1.8,5.9,0.00186
CVE-2025-21887,0,0,1,1.8,5.9,0.00189
CVE-2025-21919,0,0,1,1.8,5.9,0.00198
CVE-2025-21959,0,0,0,1.8,3.6,0.004
CVE-2025-21999,0,0,1,1.8,5.9,0.002
CVE-2025-22005,0,0,0,1.8,3.6,0.00187
CVE-2025-22056,0,0,1,1.8,5.9,0.00258
CVE-2025-23136,0,0,0,1.8,3.6,0.00188
CVE-2025-26465,0.5,0,1,1.6,5.2,0.07449
CVE-2025-32462,0,0,0,1.1,1.4,0.03665
CVE-2025-38232,0,0,0,0.5,3.6,0.00142
CVE-2025-38591,0,0,0,1.8,2.5,0.00193
CVE-2025-39953,0,0,0,1.8,3.6,0.0014
CVE-2025-39955,0,0,1,1,5.9,0.00147
CVE-2025-39964,1,0,1,1.8,3.6,0.00252
CVE-2025-40135,0,0,0,1,5.9,0.00536
CVE-2025-40300,0,0,0,2,4,0.00331
CVE-2025-40945,0,0,1,0.8,5.9,0.00112
CVE-2025-5222,0,0,1,1,5.9,0.00315
CVE-2025-5914,0.5,0,0,1.8,5.9,0.00326
CVE-2025-61984,0.5,0,1,1,2.5,0.00284
CVE-2025-61985,0,0,0,1,2.5,0.00118
CVE-2025-68261,0,0,0,1.8,3.6,0.00466
CVE-2025-68264,0,0,0,1.8,3.6,0.00189
CVE-2025-68337,0,0,0,1.8,3.6,0.00466
CVE-2025-68349,0,0,0,3.9,3.6,0.00601
CVE-2025-68724,0,1,0,1.8,3.6,0.00125
CVE-2025-68725,0,0,0,1.8,3.6,0.00168
CVE-2025-68764,0,0,0,1.8,4.2,0.00126
CVE-2025-68782,0,0,0,1.8,3.6,0.00501
CVE-2025-68788,0,0,0,1,3.6,0.00177
CVE-2025-68816,0,0,0,0.4,5.2,0.00177
CVE-2025-68820,0,0,0,1.8,3.6,0.00177
CVE-2025-71075,0,0,1,1.8,3.6,0.00126
CVE-2025-71085,0,0,0,3.9,3.6,0.00239
CVE-2025-71097,0,0,0,1,5.9,0.00114
CVE-2025-71098,0,0,0,2.5,3.6,0.00114
CVE-2025-71104,0,0,0,1.8,3.6,0.00095
CVE-2025-71113,0,0,0,1.8,3.6,0.00123
CVE-2025-71114,0,0,0,1.8,3.6,0.00123
CVE-2025-71120,0,0,0,3.9,3.6,0.00413
CVE-2025-71131,0,0,0,1.8,3.6,0.00239
CVE-2025-71190,0,0,0,1.8,3.6,0.00187
CVE-2025-9230,0,0,0,3.9,3.6,0.01744
CVE-2025-9231,0,0,0,3.9,2.5,0.02234
CVE-2025-9232,0,0,0,2.2,3.6,0.02251
CVE-2026-0266,0,0,0,0.9,1.4,0.00129
CVE-2026-0272,0,0,1,1.2,5.2,0.00261
CVE-2026-0273,0,0,1,1.2,5.9,0.01339
CVE-2026-10573,0,1,0,2.2,1.4,0.00253
CVE-2026-10577,0,1,1,3.9,6,0.00303
CVE-2026-10714,0,0,1,1.1,6,0.00113
CVE-2026-11889,0,0,0,2.8,3.6,0.00192
CVE-2026-11917,0,0,0,2.8,5.2,0.00324
CVE-2026-12352,0,0,0,2.2,3.6,0.00259
CVE-2026-12562,0,0,1,2.8,5.9,0.00278
CVE-2026-12659,0,1,0,3.9,3.6,0.0032
CVE-2026-12705,0,0,0,1.2,5.2,0.00098
CVE-2026-12927,0,0,1,1.8,5.9,0.00201
CVE-2026-12948,0,0,0,1.2,2.5,0.00269
CVE-2026-13584,0,0,0,2.8,4.2,0.00114
CVE-2026-13743,0,0,0,0.9,5.2,0.00116
CVE-2026-13768,0,1,1,3.9,6,0.00582
CVE-2026-14227,0,0,0,1.2,3.6,0.00222
CVE-2026-14480,0,0,1,3.1,6,0.0044
CVE-2026-15352,0,1,0,3.9,3.6,0.00429
CVE-2026-16002,0,1,0,3.9,4.2,0.00257
CVE-2026-16347,0,0,1,2.8,5.9,0.00233
CVE-2026-16581,0,1,0,3.9,1.4,0.00225
CVE-2026-18064,0,1,0,3.9,3.6,0.00339
CVE-2026-20744,0,1,1,3.9,5.9,0.00562
CVE-2026-21653,0,0,0,2.8,6,0.00229
CVE-2026-21655,0,0,1,2.8,6,0.00165
CVE-2026-22184,0.5,1,1,1.6,0,0.00381
CVE-2026-22977,0,0,0,1.8,3.6,0.00126
CVE-2026-22980,0,0,1,1.8,5.9,0.0013
CVE-2026-22992,0,1,0,3.9,3.6,0.00275
CVE-2026-23003,0,1,0,3.9,3.6,0.00468
CVE-2026-23005,0,0,0,1.8,3.6,0.00199
CVE-2026-23011,0,0,0,1.8,4.7,0.00187
CVE-2026-23038,0,0,0,1.8,3.6,0.00245
CVE-2026-23060,0,0,0,1,5.9,0.00123
CVE-2026-23083,0,0,1,1.8,1.4,0.00129
CVE-2026-23084,0,0,0,1.8,3.6,0.00123
CVE-2026-23086,0,0,0,2.5,3.6,0.00142
CVE-2026-23095,0,1,0,3.9,3.6,0.00239
CVE-2026-23103,0,0,1,1.8,5.9,0.00107
CVE-2026-23110,0,0,0,1.8,3.6,0.00095
CVE-2026-23111,0,0,1,1.8,5.9,0.00481
CVE-2026-23154,0,0,0,1.8,1.4,0.00115
CVE-2026-23204,0,0,0,1.8,5.2,0.00122
CVE-2026-23231,0,0,1,1.8,5.9,0.00788
CVE-2026-23243,0,0,1,1.8,5.9,0.00131
CVE-2026-27135,0,1,0,3.9,3.6,0.00775
CVE-2026-28698,0,1,0,3.9,4,0.00259
CVE-2026-31431,1,0,1,1.8,5.9,0.94545
CVE-2026-34496,0,0,0,2.1,5.9,0.00205
CVE-2026-3497,0,1,0,3.9,4.2,0.0218
CVE-2026-38057,0,0,0,2.8,5.2,0.00226
CVE-2026-38059,0,1,0,3.9,3.6,0.00431
CVE-2026-40355,0.5,0,0,2.2,3.6,0.00611
CVE-2026-40430,0,1,0,3.9,3.6,0.00232
CVE-2026-41989,0,0,0,1.4,5.2,0.00182
CVE-2026-42933,0,1,1,3.9,6,0.00285
CVE-2026-42952,0,1,0,3.9,3.6,0.00403
CVE-2026-42953,0,0,1,1.8,5.9,0.0014
CVE-2026-42958,0,0,1,1.8,5.9,0.00128
CVE-2026-43284,0.5,0,1,2,6,0.93235
CVE-2026-43500,0,0,1,1.8,5.9,0.92855
CVE-2026-44955,0,1,0,3.9,1.4,0.00206
CVE-2026-46333,0.5,0,1,1.8,5.2,0.01501
CVE-2026-49033,0,0,1,1.8,5.9,0.0013
CVE-2026-49035,0,0,1,2.2,5.9,0.00369
CVE-2026-50032,0,1,0,3.9,3.6,0.00263
CVE-2026-50039,0,1,0,3.9,3.6,0.00267
CVE-2026-50044,0,0,1,1.6,5.2,0.00084
CVE-2026-50103,0,0,0,2.8,3.6,0.00165
CVE-2026-5121,0,1,1,3.9,3.6,0.01073
CVE-2026-54429,0,0,0,2.8,4,0.00163
CVE-2026-54477,0,0,0,2.8,2.5,0.00271
CVE-2026-54798,0,0,0,2.8,3.6,0.0024
CVE-2026-54799,0,0,1,0.8,5.9,0.00127
CVE-2026-54800,0,0,0,2.2,2.5,0.00146
CVE-2026-54801,0,0,1,1.2,5.9,0.0034
CVE-2026-55726,0,1,0,3.9,1.4,0.00394
CVE-2026-55985,0,0,0,2.8,1.4,0.00149
CVE-2026-56451,0,1,1,3.9,6,0.00305
CVE-2026-56758,0,0,0,2.8,3.6,0.00181
CVE-2026-57896,0,0,0,1.8,4.2,0.00106
CVE-2026-5846,0,0,1,0.5,5.2,0.00163
CVE-2026-60063,0,0,1,1,5.9,0.00107
CVE-2026-60073,0,0,0,0.7,5.2,0.00167
CVE-2026-60134,0,0,1,2.8,5.9,0.00315
CVE-2026-60135,0,0,0,2.8,3.6,0.00213
CVE-2026-60140,0,0,0,1.8,4.2,0.00106
CVE-2026-61378,0,0,0,1.8,3.6,0.00113
CVE-2026-61389,0,0,1,1,5.9,0.00107
CVE-2026-61884,0,1,1,3.9,5.9,0.00664
CVE-2026-61886,0,0,0,2.8,3.6,0.00231
CVE-2026-61892,0,0,1,2.8,5.9,0.00274
CVE-2026-61893,0.5,1,0,3.9,2.5,0.00264
CVE-2026-63033,0.5,1,0,3.9,2.5,0.00264
CVE-2026-63035,0,0,0,2.8,5.2,0.00572
CVE-2026-63362,0,0,0,2.2,3.6,0.01528
CVE-2026-63550,0,0,0,2.8,3.6,0.00249
CVE-2026-63559,0,1,0,3.9,3.6,0.00434
CVE-2026-65421,0,0,0,2.8,3.6,0.00175
CVE-2026-65423,0,0,1,2.8,5.9,0.00605
CVE-2026-66349,0,0,0,2.8,3.6,0.00181
CVE-2026-66360,0,1,0,3.9,3.6,0.00278
CVE-2026-66364,0,0,0,2.8,3.6,0.00175
CVE-2026-66369,0,0,0,2.8,3.6,0.00175
CVE-2026-66720,0,0,0,2.8,3.6,0.00175
CVE-2026-7891,0,1,1,3.9,5.2,0.00273
CVE-2026-8085,0,0,1,1.8,5.9,0.0018
CVE-2026-8312,0,0,1,1.8,5.9,0.0018
CVE-2026-8313,0,0,1,1.8,5.9,0.0018
CVE-2026-8314,0,0,1,1.8,5.9,0.0018
CVE-2026-9108,0,0,1,0.8,5.9,0.00109
CVE-2026-9128,0,0,1,0.8,6,0.00096
CVE-2026-9140,0,1,0,3.9,3.6,0.00253
CVE-2026-9292,0,0,1,0.9,5.2,0.00329
CVE-2026-9636,0,0,0,2.2,3.6,0.0014
CVE-2026-9653,0,1,0,3.9,3.6,0.00178
