alternative,Price,Accel,TopSpeed,Range,Power,Capacity,ChargeTime,FastCharge,Consumption,Weight,Payload,Cargo
__orientation__,-1,-1,1,1,1,1,-1,-1,-1,-1,1,1
__weight__,0.0840,0.0750,0.0660,0.0770,0.0750,0.0660,0.1330,0.0730,0.0870,0.0750,0.0780,0.1090
Kangoo E-Tech,39300,12.6,132,215,51,44,285,39,205,1870,575,542
e-Berlingo M,37790,11.7,135,205,100,46.3,450,26,226,1739,626,571
Proace City L1,37800,11.2,135,210,100,46.3,450,26,220,1739,626,597
e-Rifter Long,42440,11.7,135,200,100,46.3,450,26,232,1884,646,806
Proace City L2,40150,11.2,135,205,100,46.3,450,26,226,1813,582,850
e-Rifter Standard,41240,11.7,135,205,100,46.3,450,26,226,1765,615,571
Combo-e Life,43050,11.7,135,205,100,46.3,450,26,226,1764,626,571
e-Berlingo XL,43640,11.7,135,200,100,46.3,450,26,232,1876,639,806
Combo-e Life XL,44750,11.7,135,200,100,46.3,450,26,232,1884,582,806
