month,n,P,nu,dw,flag,normonly,topsis,tmm,comp,prec,rec,tau_v,tau_t,tau_c,disp_t,disp_c,top5_t,top5_c,top10_t,top10_c,top20_t,top20_c,sametop_t,sametop_c
2024-01,57,1596,6.0045,0.2661,175,175,269,7,7,0.96,0.6245,0.7691,0.6451,0.9908,8.8421,0.2456,5,5,6,10,10,20,True,True
2024-02,235,27495,10.442,0.396,1644,1644,2568,465,465,0.9751,0.6242,0.88,0.8125,0.966,18.2894,3.3106,4,5,6,10,6,20,True,True
2024-03,106,5565,8.5453,0.3604,309,309,429,82,82,1.0,0.7203,0.8876,0.8439,0.9702,7.5849,1.4528,3,5,6,10,18,20,True,True
2024-04,127,8001,10.3705,0.3882,345,345,454,94,94,0.8667,0.6586,0.91,0.8817,0.9755,6.2126,1.4173,3,5,8,10,9,20,True,True
2024-05,113,6328,11.7225,0.439,329,329,349,29,29,0.9605,0.9054,0.8921,0.8856,0.9905,5.8673,0.5133,2,5,3,10,13,20,True,True
2024-06,135,9045,11.6029,0.4121,803,803,1020,124,124,0.9788,0.7706,0.8214,0.7733,0.972,13.1704,1.7185,3,5,4,10,13,20,False,True
2024-07,91,4095,10.6564,0.3946,208,208,259,15,15,0.9712,0.7799,0.8939,0.8679,0.9924,5.5165,0.3297,4,5,7,10,15,20,False,True
2024-08,91,4095,9.2392,0.421,297,297,559,75,75,0.9798,0.5206,0.8538,0.7249,0.9631,10.8352,1.5385,3,5,7,10,13,19,True,True
2024-09,99,4851,9.3306,0.3836,216,216,421,129,129,0.9907,0.5083,0.9088,0.8227,0.9453,8.0909,2.6364,1,5,6,10,17,20,False,True
2024-10,85,3570,9.0952,0.3755,319,319,350,17,17,0.9718,0.8857,0.8154,0.7975,0.9902,7.2,0.3765,2,5,9,10,14,20,True,True
2024-11,127,8001,5.6749,0.3389,364,364,768,98,98,0.978,0.4635,0.9084,0.8068,0.9753,10.4882,1.4803,2,5,2,10,14,20,True,True
2024-12,95,4465,3.3323,0.1907,314,314,468,1,1,0.9968,0.6688,0.8449,0.7692,0.9988,8.7789,0.0842,4,5,8,10,14,20,True,True
2025-01,35,595,8.567,0.3075,52,52,71,2,2,0.9808,0.7183,0.8173,0.7515,0.9931,3.3143,0.1143,3,5,7,10,17,20,False,True
2025-02,140,9730,7.9913,0.372,378,378,769,158,158,0.9815,0.4824,0.9217,0.8408,0.9672,8.5714,2.1429,4,5,5,10,17,20,True,True
2025-03,117,6786,9.6823,0.3978,363,363,402,35,35,0.9339,0.8433,0.8912,0.8796,0.9895,6.4274,0.5812,2,5,7,10,16,20,True,True
2025-04,208,21528,6.6947,0.3361,3049,3049,5157,148,148,0.9997,0.591,0.6882,0.4727,0.9849,45.2692,1.4038,4,5,5,8,8,20,True,True
2025-05,79,3081,9.1534,0.4059,117,117,180,20,20,0.9829,0.6389,0.9236,0.8825,0.9869,4.4304,0.5063,5,5,10,10,13,20,True,True
2025-06,111,6105,4.4259,0.2598,277,277,585,152,152,0.9892,0.4684,0.9088,0.8076,0.9499,9.009,2.3964,4,5,4,10,17,20,True,True
2025-07,88,3828,8.1411,0.3422,344,344,399,35,35,0.9913,0.8546,0.8198,0.791,0.9817,8.75,0.7273,1,5,9,10,10,20,True,True
2025-08,504,126756,11.0065,0.4208,1693,1693,2407,1198,1198,0.6775,0.4765,0.9731,0.9618,0.981,8.1746,3.4563,1,5,3,10,14,19,True,True
2025-09,72,2556,6.0859,0.3465,258,258,302,48,48,0.9302,0.7947,0.7977,0.7632,0.9624,6.8889,1.2222,2,5,7,10,15,20,False,True
2025-10,53,1378,5.7291,0.3087,87,87,104,20,20,0.9425,0.7885,0.8725,0.8476,0.9707,3.2453,0.6792,3,5,9,10,17,20,False,True
2025-11,82,3321,5.9909,0.3174,286,286,317,28,28,0.958,0.8644,0.8273,0.8086,0.9831,6.7561,0.6341,2,5,6,9,15,20,False,True
2025-12,79,3081,8.3984,0.3628,214,214,238,52,52,0.8972,0.8067,0.8593,0.8436,0.9658,5.3924,1.2658,4,5,9,10,16,20,True,True
2026-01,119,7021,8.1263,0.3814,564,564,932,110,110,0.977,0.5912,0.8388,0.7336,0.9686,12.6555,1.5294,1,4,3,10,11,20,True,True
2026-02,193,18528,10.1448,0.4328,509,509,965,68,68,0.9293,0.4902,0.9444,0.8945,0.9926,8.9741,0.7047,2,5,7,9,13,20,False,True
2026-03,96,4560,5.8175,0.346,392,392,542,47,47,0.9337,0.6753,0.8274,0.7614,0.9793,8.75,0.8958,3,5,4,9,14,20,True,True
2026-04,84,3486,8.822,0.387,179,179,219,38,38,0.9553,0.7808,0.8972,0.8742,0.9782,4.7857,0.881,1,5,5,10,17,20,False,True
2026-05,130,8385,8.3937,0.3641,468,468,684,149,149,0.9573,0.655,0.8882,0.8367,0.9644,9.2308,2.0,3,5,3,10,15,20,False,True
2026-06,114,6441,7.0547,0.3734,248,248,395,65,65,0.9435,0.5924,0.923,0.8773,0.9798,6.2105,1.1053,2,5,6,10,18,19,False,True
2026-07,224,24976,5.3843,0.3162,774,774,1238,304,304,0.9121,0.5703,0.9379,0.9007,0.9756,9.7232,2.4375,3,4,4,10,13,20,False,True
2026-08,69,2346,8.7927,0.3795,235,235,283,24,24,0.9404,0.7809,0.7955,0.7537,0.9791,7.1304,0.6087,1,5,6,10,12,20,True,True
2026-09,65,2080,1.9403,0.1072,114,114,169,11,11,1.0,0.6746,0.89,0.8369,0.9894,4.5538,0.3385,5,5,7,10,14,19,True,True
